dataset_name	hyperparameter_setting	n_hidden_layer	n_feature	n_hidden_module	n_hidden_neuron	n_training	n_testing	training_total_loss	training_root_loss	training_auxiliary_loss	training_auc	training_auc_ci	training_bac	training_bac_ci	training_f1	training_f1_ci	testing_total_loss	testing_root_loss	testing_auxiliary_loss	testing_auc	testing_auc_ci	testing_bac	testing_bac_ci	testing_f1	testing_f1_ci
binding_tox21-pxr-p1_100	rt_22_ps_5_re_0_st_0_xs_20_al_0.5_ld_1e-04	6	100	60,23,10,5,3,2	271,187,104,58,49,39	419	105	2.39223	0.54209	3.70029	0.76518	0.03715	0.61264	0.0315	0.3913	0.07562	2.4156	0.56798	3.69524	0.75394	0.08227	0.58181	0.06056	0.31818	0.15079
binding_tox21-pxr-p1_200	rt_14_ps_5_re_0_st_0_xs_20_al_0.5_ld_1e-04	12	200	73,36,20,10,4,3,1,1,1,1,1,1	395,275,198,109,32,36,8,10,14,17,18,20	419	105	4.25592	0.53684	7.43815	0.68326	0.03354	0.66337	0.03141	0.50505	0.06396	4.32656	0.58589	7.48133	0.64292	0.08373	0.61951	0.07218	0.43137	0.14332
binding_tox21-pxr-p1_300	rt_14_ps_5_re_0_st_0_xs_20_al_0.5_ld_1e-04	12	300	101,49,22,11,5,3,1,1,1,1,1,1	520,349,216,122,45,36,8,10,14,17,18,20	419	105	4.22815	0.52714	7.40202	0.68491	0.03544	0.66877	0.03133	0.51515	0.06566	4.37445	0.60976	7.52938	0.6338	0.08627	0.61951	0.07218	0.43137	0.14332
binding_tox21-pxr-p1_400	rt_14_ps_5_re_0_st_0_xs_20_al_0.5_ld_1e-04	12	400	102,50,22,11,5,3,1,1,1,1,1,1	528,358,216,122,45,36,8,10,14,17,18,20	419	105	4.21665	0.52141	7.39049	0.67648	0.03567	0.66877	0.03167	0.51515	0.06474	4.44154	0.65139	7.5803	0.61558	0.08811	0.60481	0.06786	0.4	0.13971
binding_tox21-pxr-p1_500	rt_14_ps_5_re_0_st_0_xs_20_al_0.5_ld_1e-04	12	500	114,53,24,12,5,3,1,1,1,1,1,1	591,382,231,132,45,36,8,10,14,17,18,20	419	105	4.2207	0.52166	7.39808	0.69414	0.0368	0.67964	0.03226	0.53731	0.06522	4.38309	0.61621	7.53375	0.61392	0.09142	0.60481	0.06786	0.4	0.13971
binding_tox21-rt-viability-hek293-p1_100	rt_33_ps_5_re_0_st_0_xs_20_al_0.5_ld_1e-04	12	100	93,43,24,10,5,4,1,1,1,1,1,1	447,346,259,119,60,58,8,10,14,17,18,20	493	124	4.23642	0.51414	7.44457	0.77058	0.033	0.69643	0.03255	0.58363	0.05396	4.33324	0.548	7.57049	0.74855	0.06822	0.64199	0.06003	0.47619	0.11768
binding_tox21-rt-viability-hek293-p1_200	rt_33_ps_5_re_0_st_0_xs_20_al_0.5_ld_1e-04	12	200	145,71,34,16,7,5,2,1,1,1,1,1	686,527,344,173,77,73,26,10,14,17,18,20	493	124	4.23413	0.50564	7.45698	0.81208	0.03194	0.69066	0.03126	0.57037	0.05465	4.31003	0.54683	7.52639	0.77265	0.06812	0.69541	0.0619	0.57971	0.10758
binding_tox21-rt-viability-hek293-p1_300	rt_26_ps_5_re_0_st_0_xs_20_al_0.5_ld_1e-04	12	300	144,68,32,15,6,4,1,1,1,1,1,1	645,494,322,159,60,55,8,10,14,17,18,20	493	124	4.18934	0.49509	7.38852	0.79814	0.03144	0.71315	0.03048	0.6087	0.05085	4.25705	0.51522	7.48366	0.78063	0.06895	0.6777	0.0623	0.54545	0.11556
binding_tox21-rt-viability-hek293-p1_400	rt_33_ps_5_re_0_st_0_xs_20_al_0.5_ld_1e-04	12	400	213,94,39,20,7,5,2,1,1,1,1,1	1016,677,380,219,77,73,26,10,14,17,18,20	493	124	4.19538	0.48748	7.41581	0.81203	0.03273	0.72199	0.03156	0.62456	0.05134	4.24785	0.49669	7.50232	0.78078	0.07098	0.70732	0.0631	0.6	0.10392
binding_tox21-rt-viability-hek293-p1_500	rt_26_ps_5_re_0_st_0_xs_20_al_0.5_ld_1e-04	12	500	205,85,37,20,6,4,1,1,1,1,1,1	938,596,347,219,60,55,8,10,14,17,18,20	493	124	4.20455	0.49596	7.41718	0.79729	0.0324	0.69227	0.03029	0.57143	0.05478	4.26431	0.51289	7.50284	0.76815	0.07063	0.7018	0.06042	0.58462	0.11353
binding_tox21-rt-viability-hepg2-p1_100	rt_34_ps_5_re_0_st_0_xs_20_al_0.5_ld_1e-04	12	100	101,47,35,19,9,6,2,2,1,1,1,1	543,398,375,215,95,83,25,30,14,17,18,20	493	124	3.61183	0.36885	6.48596	0.84082	0.03279	0.77602	0.03203	0.689	0.05172	3.85231	0.55536	6.59391	0.68193	0.09092	0.65591	0.07383	0.48	0.14174
binding_tox21-rt-viability-hepg2-p1_200	rt_33_ps_5_re_0_st_0_xs_20_al_0.5_ld_1e-04	12	200	147,60,29,15,6,5,2,1,1,1,1,1	728,487,304,173,65,73,26,10,14,17,18,20	493	124	3.60017	0.37366	6.45301	0.84079	0.03237	0.75545	0.03411	0.65385	0.05677	3.93938	0.60996	6.65884	0.64481	0.09816	0.61828	0.06853	0.40816	0.14167
binding_tox21-rt-viability-hepg2-p1_300	rt_26_ps_5_re_0_st_0_xs_20_al_0.5_ld_1e-04	12	300	162,70,34,15,5,4,1,1,1,1,1,1	769,530,339,169,48,55,8,10,14,17,18,20	493	124	3.59072	0.36497	6.45149	0.85912	0.03164	0.76227	0.03342	0.66667	0.05451	3.84543	0.5606	6.56965	0.69372	0.08747	0.63441	0.06834	0.43478	0.14332
binding_tox21-rt-viability-hepg2-p1_400	rt_33_ps_5_re_0_st_0_xs_20_al_0.5_ld_1e-04	12	400	228,92,41,18,7,5,2,1,1,1,1,1	1076,683,399,204,77,73,26,10,14,17,18,20	493	124	3.59142	0.3782	6.42643	0.84753	0.03169	0.75814	0.03405	0.66019	0.05535	3.84282	0.52802	6.6296	0.71488	0.08957	0.65054	0.0698	0.46809	0.14375
binding_tox21-rt-viability-hepg2-p1_500	rt_41_ps_5_re_0_st_0_xs_20_al_0.5_ld_1e-04	12	500	318,116,51,22,13,12,7,2,2,2,1,1	1622,885,499,257,136,149,84,21,31,37,18,20	493	124	3.63365	0.3714	6.52451	0.849	0.03235	0.75267	0.03318	0.65049	0.05611	3.93815	0.58162	6.71305	0.65106	0.0961	0.60753	0.06436	0.38298	0.13462
combined_tox21-ahr-p1_100	rt_32_ps_5_re_0_st_0_xs_20_al_0.5_ld_1e-04	7	100	83,33,16,9,4,4,2	462,297,180,124,61,71,38	1072	269	1.77451	0.38432	2.78037	0.57756	0.02839	0.51879	0.01128	0.07692	0.04058	1.7974	0.39689	2.80101	0.50431	0.05901	0.49784	0.0018	0.0	0.0
combined_tox21-ahr-p1_200	rt_25_ps_5_re_0_st_0_xs_20_al_0.5_ld_1e-04	7	200	88,34,20,12,3,3,2	479,286,218,155,43,50,40	1072	269	1.77376	0.38469	2.77814	0.57858	0.02792	0.51933	0.01138	0.07742	0.04058	1.80227	0.40129	2.80197	0.47658	0.06205	0.5	0.0	0.0	0.0
combined_tox21-ahr-p1_300	rt_31_ps_5_re_0_st_0_xs_20_al_0.5_ld_1e-04	9	300	147,58,24,15,9,7,2,1,1	855,478,259,178,110,96,31,18,20	1072	269	2.15112	0.37543	3.55138	0.59347	0.02944	0.53007	0.01502	0.11465	0.05257	2.25033	0.42047	3.65972	0.50996	0.05349	0.49784	0.00181	0.0	0.0
combined_tox21-ahr-p1_400	rt_34_ps_5_re_0_st_0_xs_20_al_0.5_ld_1e-04	10	400	248,98,46,23,14,10,6,1,1,1	1310,745,459,270,159,128,78,11,17,20	1072	269	2.32378	0.35674	3.93408	0.65788	0.03075	0.55048	0.01818	0.18405	0.05999	2.45211	0.41535	4.07353	0.53029	0.06521	0.50489	0.01706	0.04762	0.04545
combined_tox21-ahr-p1_500	rt_25_ps_5_re_0_st_0_xs_20_al_0.5_ld_1e-04	12	500	226,75,38,17,13,10,6,2,2,2,1,1	1215,574,367,193,128,112,66,21,31,37,18,20	1072	269	2.72043	0.3582	4.72446	0.66168	0.03072	0.5562	0.02004	0.20359	0.06295	2.82481	0.41768	4.81426	0.51235	0.06947	0.50489	0.01722	0.04762	0.04545
combined_tox21-ar-mda-kb2-luc-antagonist-p2_100	rt_41_ps_5_re_0_st_0_xs_20_al_0.5_ld_1e-04	11	100	109,56,33,20,10,5,3,2,1,1,1	715,491,358,228,124,69,45,34,17,18,20	872	218	3.13547	0.43663	5.39767	0.64544	0.03043	0.60132	0.02308	0.34081	0.05987	3.28407	0.51681	5.53453	0.57488	0.06888	0.50611	0.02635	0.07843	0.06897
combined_tox21-ar-mda-kb2-luc-antagonist-p2_200	rt_34_ps_5_re_0_st_0_xs_20_al_0.5_ld_1e-04	11	200	134,68,39,21,9,5,2,2,1,1,1	829,584,423,238,100,70,27,34,17,18,20	872	218	3.11881	0.43	5.37761	0.67385	0.03079	0.60635	0.02384	0.35398	0.0603	3.31816	0.5282	5.57992	0.56259	0.07405	0.5206	0.03229	0.11765	0.1
combined_tox21-ar-mda-kb2-luc-antagonist-p2_300	rt_41_ps_5_re_0_st_0_xs_20_al_0.5_ld_1e-04	11	300	214,93,49,26,10,6,3,2,1,1,1	1301,756,511,299,117,88,45,34,17,18,20	872	218	3.10263	0.42091	5.36343	0.68387	0.03102	0.60706	0.02326	0.35556	0.05952	3.4156	0.57404	5.68312	0.53435	0.07556	0.51203	0.03231	0.11111	0.09375
combined_tox21-ar-mda-kb2-luc-antagonist-p2_400	rt_34_ps_5_re_0_st_0_xs_20_al_0.5_ld_1e-04	11	400	220,91,46,26,9,5,2,2,1,1,1	1248,736,480,297,100,70,27,34,17,18,20	872	218	3.10256	0.42235	5.36041	0.71136	0.0305	0.64156	0.0262	0.43725	0.05766	3.3833	0.54839	5.66981	0.59488	0.07335	0.53814	0.03856	0.18182	0.10859
combined_tox21-ar-mda-kb2-luc-antagonist-p2_500	rt_33_ps_5_re_0_st_0_xs_20_al_0.5_ld_1e-04	11	500	239,94,39,20,5,4,2,1,1,1,1	1299,721,386,231,60,60,28,14,17,18,20	872	218	3.09207	0.41557	5.35299	0.68818	0.03215	0.60635	0.02315	0.35398	0.05856	3.39637	0.58017	5.63239	0.50073	0.0805	0.51794	0.03492	0.14035	0.08726
combined_tox21-are-bla-p1_100	rt_25_ps_5_re_0_st_0_xs_20_al_0.5_ld_1e-04	6	100	46,22,14,6,2,2	289,194,170,86,35,40	872	218	2.04583	0.49433	3.103	0.57841	0.02342	0.55506	0.01875	0.21429	0.05621	2.15458	0.5762	3.15675	0.48289	0.04754	0.49602	0.01668	0.03774	0.03448
combined_tox21-are-bla-p1_200	rt_34_ps_5_re_0_st_0_xs_20_al_0.5_ld_1e-04	7	200	130,64,32,17,5,3,2	682,534,333,216,73,54,40	872	218	2.29906	0.48799	3.62214	0.59769	0.02561	0.57028	0.02025	0.25974	0.05619	2.42734	0.58021	3.69425	0.47263	0.05068	0.49602	0.01689	0.03774	0.03448
combined_tox21-are-bla-p1_300	rt_25_ps_5_re_0_st_0_xs_20_al_0.5_ld_1e-04	7	300	112,54,28,15,4,4,2	689,490,297,181,52,67,40	872	218	2.30048	0.48971	3.62155	0.59546	0.02605	0.56304	0.0193	0.23789	0.05665	2.42246	0.58276	3.67942	0.47406	0.04999	0.50373	0.02353	0.07273	0.0625
combined_tox21-are-bla-p1_400	rt_23_ps_5_re_0_st_0_xs_20_al_0.5_ld_1e-04	7	400	135,53,24,12,3,3,2	807,452,250,147,42,51,38	872	218	2.2882	0.48408	3.60826	0.60174	0.02623	0.57367	0.02029	0.2684	0.05636	2.39566	0.55878	3.67376	0.49303	0.05256	0.5173	0.02841	0.10909	0.09091
combined_tox21-are-bla-p1_500	rt_23_ps_5_re_0_st_0_xs_20_al_0.5_ld_1e-04	7	500	158,59,28,14,4,3,2	892,477,277,166,52,51,38	872	218	2.26455	0.46676	3.59556	0.61888	0.02941	0.57274	0.01933	0.26009	0.05717	2.43625	0.59042	3.69165	0.50616	0.05584	0.52501	0.0318	0.14035	0.08408
combined_tox21-aromatase-p1_100	rt_25_ps_5_re_0_st_0_xs_20_al_0.5_ld_1e-04	7	100	57,32,15,10,2,2,1	420,318,188,147,34,37,20	1025	257	1.90155	0.39582	3.01146	0.65128	0.03114	0.581	0.02134	0.28	0.06125	2.01707	0.45619	3.12176	0.5258	0.06353	0.54064	0.03263	0.16327	0.09873
combined_tox21-aromatase-p1_200	rt_21_ps_5_re_0_st_0_xs_20_al_0.5_ld_1e-04	10	200	71,29,12,4,7,8,6,1,1,1	546,277,134,54,77,94,77,12,18,20	1025	257	2.57261	0.39938	4.34647	0.66327	0.02964	0.59361	0.02297	0.31628	0.061	2.6806	0.45147	4.45826	0.5624	0.06881	0.53134	0.03446	0.15094	0.08908
combined_tox21-aromatase-p1_300	rt_21_ps_5_re_0_st_0_xs_20_al_0.5_ld_1e-04	10	300	88,32,14,4,7,8,6,1,1,1	614,302,155,54,77,94,77,12,18,20	1025	257	2.54752	0.38122	4.33259	0.68806	0.03107	0.62278	0.02559	0.38938	0.06137	2.69567	0.45883	4.47367	0.55332	0.07426	0.5505	0.04242	0.21053	0.11818
combined_tox21-aromatase-p1_400	rt_32_ps_5_re_0_st_0_xs_20_al_0.5_ld_1e-04	10	400	197,77,37,13,9,10,7,1,1,1	1198,661,380,165,103,127,96,11,17,20	1025	257	2.55807	0.37977	4.35662	0.69118	0.03276	0.62273	0.02601	0.39091	0.06426	2.68747	0.44569	4.48356	0.56639	0.07289	0.53367	0.03366	0.15385	0.08987
combined_tox21-aromatase-p1_500	rt_33_ps_5_re_0_st_0_xs_20_al_0.5_ld_1e-04	12	500	254,101,41,18,6,5,2,1,1,1,1,1	1287,757,398,203,69,73,26,10,14,17,18,20	1025	257	2.94969	0.37004	5.15931	0.71582	0.03237	0.62687	0.02522	0.40183	0.06228	3.1016	0.43647	5.33026	0.58483	0.07276	0.5505	0.04394	0.21053	0.12051
combined_tox21-car-agonist-p1_100	rt_31_ps_5_re_0_st_0_xs_20_al_0.5_ld_1e-04	8	100	75,42,27,12,8,4,1,1	520,391,300,145,104,68,18,20	972	244	2.16809	0.42116	3.49387	0.55551	0.02763	0.53001	0.0149	0.11765	0.05212	2.30402	0.48179	3.64447	0.40839	0.04987	0.49265	0.0061	0.0	0.0
combined_tox21-car-agonist-p1_200	rt_14_ps_5_re_0_st_0_xs_20_al_0.5_ld_1e-04	11	200	71,31,17,10,3,2,1,1,1,1,1	429,269,172,110,31,23,10,14,17,18,20	972	244	2.82487	0.42464	4.80045	0.5878	0.02277	0.5	0.0	0.0	0.0	2.95248	0.46672	4.97151	0.52102	0.053	0.5	0.0	0.0	0.0
combined_tox21-car-agonist-p1_300	rt_25_ps_5_re_0_st_0_xs_20_al_0.5_ld_1e-04	11	300	153,61,36,22,11,4,3,2,1,1,1	933,510,362,237,117,50,44,34,17,18,20	972	244	2.82028	0.42008	4.80039	0.61155	0.02484	0.53319	0.01484	0.12865	0.05068	3.01282	0.50879	5.00805	0.48683	0.06158	0.4902	0.00621	0.0	0.0
combined_tox21-car-agonist-p1_400	rt_23_ps_5_re_0_st_0_xs_20_al_0.5_ld_1e-04	12	400	168,56,27,13,6,4,2,1,1,1,1,1	957,447,261,144,62,54,26,10,14,17,18,20	972	244	3.00619	0.40144	5.20949	0.62508	0.02643	0.55928	0.01958	0.21348	0.06126	3.19686	0.47694	5.43985	0.47819	0.06038	0.5027	0.01732	0.04444	0.04167
combined_tox21-car-agonist-p1_500	rt_21_ps_5_re_0_st_0_xs_20_al_0.5_ld_1e-04	10	500	125,38,17,5,9,8,6,1,1,1	853,337,182,64,102,94,77,12,18,20	972	244	2.60464	0.41974	4.3698	0.6037	0.02734	0.51911	0.01054	0.07362	0.03906	2.75367	0.4662	4.57494	0.44945	0.05819	0.5	0.0	0.0	0.0
combined_tox21-er-luc-bg1-4e2-agonist-p2_100	rt_31_ps_5_re_0_st_0_xs_20_al_0.5_ld_1e-04	10	100	69,39,20,7,8,9,6,1,1,1	415,335,225,92,90,114,77,12,18,20	976	245	2.31654	0.34858	3.93591	0.67725	0.03441	0.60903	0.0284	0.34783	0.06852	2.40567	0.39041	4.03052	0.61577	0.0578	0.55694	0.04885	0.21739	0.12963
combined_tox21-er-luc-bg1-4e2-agonist-p2_200	rt_34_ps_5_re_0_st_0_xs_20_al_0.5_ld_1e-04	10	200	178,84,48,20,10,10,6,1,1,1	1024,670,484,242,106,128,78,11,17,20	976	245	2.27886	0.33462	3.88848	0.67778	0.03811	0.63337	0.03001	0.40642	0.06964	2.44784	0.4319	4.03188	0.56719	0.075	0.57165	0.05198	0.25532	0.13973
combined_tox21-er-luc-bg1-4e2-agonist-p2_300	rt_31_ps_5_re_0_st_0_xs_20_al_0.5_ld_1e-04	10	300	150,63,27,8,8,9,6,1,1,1	921,543,290,106,90,114,77,12,18,20	976	245	2.29531	0.34448	3.90165	0.64336	0.04079	0.6215	0.02899	0.37838	0.06855	2.39184	0.38993	4.00382	0.56579	0.07693	0.56691	0.05274	0.2449	0.13509
combined_tox21-er-luc-bg1-4e2-agonist-p2_400	rt_34_ps_5_re_0_st_0_xs_20_al_0.5_ld_1e-04	10	400	245,97,50,20,11,10,6,1,1,1	1331,764,499,238,122,128,78,11,17,20	976	245	2.28144	0.33511	3.89266	0.67516	0.03934	0.64029	0.03123	0.42105	0.07076	2.41071	0.40606	4.0093	0.56837	0.07954	0.58635	0.05437	0.29167	0.13547
combined_tox21-er-luc-bg1-4e2-agonist-p2_500	rt_25_ps_5_re_0_st_0_xs_20_al_0.5_ld_1e-04	12	500	188,69,38,15,10,10,6,2,2,2,1,1	1104,557,376,171,91,112,66,21,31,37,18,20	976	245	2.67935	0.33939	4.67991	0.67288	0.03821	0.62585	0.02912	0.38919	0.06916	2.79666	0.38519	4.82295	0.55276	0.07282	0.58872	0.05438	0.29787	0.13805
combined_tox21-mitotox-p1_100	rt_33_ps_5_re_0_st_0_xs_20_al_0.5_ld_1e-04	11	100	88,49,24,12,5,2,1,1,1,1,1	532,433,273,147,73,26,10,14,17,18,20	1012	254	3.36473	0.48033	5.76878	0.6555	0.0283	0.57391	0.01952	0.27273	0.05377	3.52188	0.54707	5.94963	0.55212	0.0561	0.50994	0.03071	0.13158	0.0803
combined_tox21-mitotox-p1_200	rt_41_ps_5_re_0_st_0_xs_20_al_0.5_ld_1e-04	12	200	182,89,44,24,12,9,3,2,2,1,1,1	1103,737,461,277,134,112,37,27,34,17,18,20	1012	254	3.62132	0.4709	6.30086	0.67428	0.02699	0.59284	0.02121	0.32432	0.05498	3.81058	0.54811	6.52496	0.52173	0.06162	0.52366	0.03438	0.16	0.095
combined_tox21-mitotox-p1_300	rt_22_ps_5_re_0_st_0_xs_20_al_0.5_ld_1e-04	7	300	105,44,16,6,2,2,1	591,367,176,77,35,39,19	1012	254	2.27468	0.47254	3.60428	0.65989	0.02822	0.58453	0.01982	0.29965	0.05302	2.62982	0.65517	3.9493	0.56105	0.05227	0.50387	0.02756	0.10811	0.06655
combined_tox21-mitotox-p1_400	rt_22_ps_5_re_0_st_0_xs_20_al_0.5_ld_1e-04	7	400	125,47,17,6,2,2,1	687,390,184,77,35,39,19	1012	254	2.27388	0.47335	3.60107	0.65665	0.02844	0.59437	0.02132	0.32886	0.05445	2.58438	0.62318	3.92241	0.55274	0.05922	0.50739	0.03066	0.12987	0.08076
combined_tox21-mitotox-p1_500	rt_33_ps_5_re_0_st_0_xs_20_al_0.5_ld_1e-04	12	500	265,103,40,17,6,5,2,1,1,1,1,1	1372,803,403,192,65,73,26,10,14,17,18,20	1012	254	3.59855	0.47082	6.25544	0.66438	0.02928	0.59297	0.01963	0.32056	0.05224	3.88664	0.61654	6.54021	0.54082	0.06211	0.51856	0.03413	0.15584	0.09326
combined_tox21-pr-bla-antagonist-p1_100	rt_26_ps_5_re_0_st_0_xs_20_al_0.5_ld_1e-04	6	100	67,41,16,11,3,1	371,349,175,143,47,20	922	231	1.97238	0.46817	3.00844	0.61326	0.0271	0.58169	0.01957	0.28814	0.05565	2.02417	0.49544	3.05747	0.58959	0.06269	0.54662	0.03298	0.18182	0.10668
combined_tox21-pr-bla-antagonist-p1_200	rt_33_ps_5_re_0_st_0_xs_20_al_0.5_ld_1e-04	7	200	192,86,37,17,7,3,1	1028,654,365,200,95,52,20	922	231	2.18389	0.44588	3.47603	0.70572	0.03134	0.57593	0.02071	0.26957	0.05978	2.28386	0.48979	3.58813	0.6246	0.07257	0.52801	0.02979	0.14035	0.08408
combined_tox21-pr-bla-antagonist-p1_300	rt_33_ps_5_re_0_st_0_xs_20_al_0.5_ld_1e-04	7	300	229,97,40,21,7,4,1	1198,731,391,245,94,70,20	922	231	2.15254	0.42221	3.46066	0.72375	0.03118	0.6272	0.02444	0.40625	0.05787	2.32522	0.51996	3.61052	0.63747	0.07175	0.56694	0.04392	0.25806	0.11932
combined_tox21-pr-bla-antagonist-p1_400	rt_32_ps_5_re_0_st_0_xs_20_al_0.5_ld_1e-04	10	400	247,88,40,17,12,10,6,1,1,1	1427,711,400,208,138,127,78,11,17,20	922	231	2.87654	0.40603	4.94103	0.7353	0.03266	0.64543	0.02397	0.44867	0.0545	3.34517	0.64563	5.39909	0.57628	0.07288	0.53791	0.03752	0.19048	0.1062
combined_tox21-pr-bla-antagonist-p1_500	rt_33_ps_5_re_0_st_0_xs_20_al_0.5_ld_1e-04	7	500	278,106,42,23,7,4,1	1411,797,403,266,94,70,20	922	231	2.13375	0.41358	3.44034	0.74447	0.03088	0.62788	0.02455	0.40784	0.05988	2.29724	0.50334	3.58782	0.62967	0.07653	0.56967	0.04379	0.2623	0.12171
combined_tox21-pxr-p1_100	rt_11_ps_5_re_0_st_0_xs_20_al_0.5_ld_1e-04	7	100	26,9,2,1,1,1,1	148,82,25,15,19,20,20	945	237	2.73688	0.59208	4.28961	0.59194	0.02443	0.55594	0.01371	0.20904	0.04353	2.90572	0.66816	4.47512	0.51803	0.05341	0.55063	0.03146	0.21505	0.09118
combined_tox21-pxr-p1_200	rt_22_ps_5_re_0_st_0_xs_20_al_0.5_ld_1e-04	7	200	86,36,14,5,2,2,1	438,302,154,65,35,39,19	945	237	2.67124	0.54338	4.25572	0.67915	0.02539	0.61439	0.01999	0.39618	0.04692	2.86059	0.64622	4.42873	0.62214	0.05877	0.61392	0.04133	0.41071	0.08873
combined_tox21-pxr-p1_300	rt_22_ps_5_re_0_st_0_xs_20_al_0.5_ld_1e-04	7	300	119,47,17,5,2,2,1	602,373,183,65,35,39,19	945	237	2.67553	0.54768	4.2557	0.68178	0.02537	0.61602	0.02143	0.40376	0.04764	2.85491	0.63563	4.43856	0.60471	0.05984	0.60443	0.04211	0.40678	0.08661
combined_tox21-pxr-p1_400	rt_22_ps_5_re_0_st_0_xs_20_al_0.5_ld_1e-04	7	400	133,51,17,5,2,2,1	677,407,183,65,35,39,19	945	237	2.72325	0.57235	4.30178	0.65169	0.02683	0.61202	0.02014	0.39336	0.04612	2.80371	0.61009	4.38725	0.64104	0.05685	0.5981	0.04189	0.38596	0.08423
combined_tox21-pxr-p1_500	rt_22_ps_5_re_0_st_0_xs_20_al_0.5_ld_1e-04	7	500	159,57,18,5,3,2,1	786,433,184,63,48,39,19	945	237	2.72708	0.57238	4.3094	0.64578	0.02658	0.60642	0.01998	0.3789	0.04748	2.82264	0.62006	4.40516	0.64505	0.0579	0.59494	0.04034	0.375	0.08778
combined_tox21-rt-viability-hek293-p1_100	rt_34_ps_5_re_0_st_0_xs_20_al_0.5_ld_1e-04	8	100	106,53,33,21,9,4,2,1	637,454,361,251,113,62,37,20	1093	274	3.06487	0.58631	4.95711	0.63251	0.02329	0.59077	0.01906	0.36066	0.04281	3.10154	0.61373	4.97561	0.57078	0.05015	0.55612	0.03919	0.31008	0.08276
combined_tox21-rt-viability-hek293-p1_200	rt_34_ps_5_re_0_st_0_xs_20_al_0.5_ld_1e-04	8	200	167,72,40,23,9,5,2,1	982,601,427,273,112,80,37,20	1093	274	3.04076	0.57265	4.93621	0.65409	0.02384	0.59869	0.0198	0.37805	0.04316	3.09933	0.60827	4.98213	0.6068	0.05448	0.57336	0.04073	0.34848	0.08263
combined_tox21-rt-viability-hek293-p1_300	rt_32_ps_5_re_0_st_0_xs_20_al_0.5_ld_1e-04	8	300	232,89,45,22,9,5,2,1	1408,730,457,260,110,79,37,20	1093	274	2.99921	0.55729	4.88384	0.66255	0.02343	0.61105	0.01884	0.38793	0.04391	3.1162	0.60895	5.01449	0.60182	0.05629	0.56334	0.03657	0.3	0.08219
combined_tox21-rt-viability-hek293-p1_400	rt_21_ps_5_re_0_st_0_xs_20_al_0.5_ld_1e-04	9	400	135,40,17,10,8,6,1,1,1	903,371,187,119,94,77,12,18,20	1093	274	3.29373	0.55277	5.48191	0.65646	0.02417	0.61004	0.01812	0.38158	0.04381	3.54909	0.67798	5.74221	0.53789	0.0541	0.54035	0.0348	0.24138	0.0815
combined_tox21-rt-viability-hek293-p1_500	rt_13_ps_5_re_0_st_0_xs_20_al_0.5_ld_1e-04	6	500	79,33,13,6,2,1	345,240,130,73,30,20	1093	274	2.35571	0.54374	3.62394	0.67075	0.02309	0.60558	0.01679	0.35731	0.04339	2.54589	0.66059	3.7706	0.57185	0.05089	0.54263	0.03183	0.23214	0.07925
combined_tox21-rt-viability-hepg2-p1_100	rt_24_ps_5_re_0_st_0_xs_20_al_0.5_ld_1e-04	8	100	79,36,22,14,7,3,1,1	457,299,233,155,86,49,18,20	1093	274	2.51804	0.47984	4.0764	0.62347	0.0276	0.55654	0.01716	0.21661	0.05173	2.61576	0.52247	4.18658	0.54336	0.05644	0.50532	0.01865	0.06061	0.05263
combined_tox21-rt-viability-hepg2-p1_200	rt_31_ps_5_re_0_st_0_xs_20_al_0.5_ld_1e-04	9	200	157,59,22,15,10,7,2,1,1	892,490,240,168,123,96,31,18,20	1093	274	2.76387	0.47415	4.57944	0.65555	0.02986	0.56897	0.01788	0.2509	0.05227	2.88405	0.52522	4.71766	0.57611	0.06101	0.50682	0.0238	0.08571	0.07317
combined_tox21-rt-viability-hepg2-p1_300	rt_31_ps_5_re_0_st_0_xs_20_al_0.5_ld_1e-04	9	300	197,71,26,18,11,7,2,1,1	1109,572,274,203,134,96,31,18,20	1093	274	2.75764	0.47124	4.5728	0.67107	0.03032	0.57849	0.01901	0.27972	0.05253	2.88342	0.52615	4.71453	0.58061	0.05927	0.5138	0.02331	0.08955	0.075
combined_tox21-rt-viability-hepg2-p1_400	rt_41_ps_5_re_0_st_0_xs_20_al_0.5_ld_1e-04	12	400	339,126,53,31,14,10,3,2,2,1,1,1	1856,966,525,341,154,131,37,27,34,17,18,20	1093	274	3.52376	0.45897	6.12959	0.69345	0.02996	0.61676	0.02208	0.3839	0.05205	3.66138	0.53068	6.2614	0.62089	0.05813	0.51529	0.02527	0.11268	0.06963
combined_tox21-rt-viability-hepg2-p1_500	rt_34_ps_5_re_0_st_0_xs_20_al_0.5_ld_1e-04	12	500	315,114,51,27,15,11,6,2,2,2,1,1	1633,836,479,298,156,131,66,21,31,37,18,20	1093	274	3.54082	0.46426	6.15313	0.69973	0.02983	0.60238	0.02061	0.34551	0.05317	3.66354	0.52527	6.27654	0.63382	0.06236	0.50914	0.02455	0.08696	0.07317
combined_tox21-shh-3t3-gli3-antagonist-p1_100	rt_21_ps_5_re_0_st_0_xs_20_al_0.5_ld_1e-04	10	100	36,18,9,4,8,8,5,1,1,1	235,178,99,57,91,95,58,12,18,20	844	211	3.12696	0.48255	5.28882	0.64741	0.03078	0.57206	0.01819	0.25664	0.05461	3.15726	0.49672	5.32108	0.66437	0.06403	0.58148	0.04314	0.29508	0.11429
combined_tox21-shh-3t3-gli3-antagonist-p1_200	rt_31_ps_5_re_0_st_0_xs_20_al_0.5_ld_1e-04	10	200	135,50,23,8,9,8,5,1,1,1	803,432,255,111,111,95,58,12,18,20	844	211	3.10949	0.47422	5.27054	0.68606	0.03283	0.58952	0.02206	0.31579	0.05791	3.16197	0.49627	5.33141	0.659	0.07345	0.58576	0.04588	0.3125	0.11678
combined_tox21-shh-3t3-gli3-antagonist-p1_300	rt_13_ps_5_re_0_st_0_xs_20_al_0.5_ld_1e-04	6	300	66,32,12,5,1,1	332,246,132,63,17,20	844	211	1.96819	0.44758	3.04122	0.67867	0.0297	0.61869	0.02401	0.38525	0.06183	2.29824	0.6137	3.36908	0.60813	0.07194	0.55879	0.04304	0.25	0.10357
combined_tox21-shh-3t3-gli3-antagonist-p1_400	rt_41_ps_5_re_0_st_0_xs_20_al_0.5_ld_1e-04	12	400	314,111,47,20,14,12,6,2,2,2,1,1	1716,883,471,243,155,149,66,21,31,37,18,20	844	211	3.65915	0.47718	6.36393	0.67917	0.03461	0.58328	0.02131	0.29752	0.05727	3.71974	0.50652	6.42646	0.67421	0.07253	0.55144	0.03939	0.22581	0.10234
combined_tox21-shh-3t3-gli3-antagonist-p1_500	rt_13_ps_5_re_0_st_0_xs_20_al_0.5_ld_1e-04	6	500	97,36,14,7,2,1	418,253,141,78,30,20	844	211	1.9666	0.44075	3.0517	0.71149	0.03408	0.62023	0.0229	0.38843	0.05902	2.29558	0.63806	3.31505	0.68111	0.07444	0.57228	0.04284	0.28125	0.10811
expression_tox21-ahr-p1_100	rt_24_ps_5_re_0_st_0_xs_20_al_0.5_ld_1e-04	6	100	50,23,9,7,2,1	298,211,101,106,37,20	941	236	1.66425	0.40716	2.51417	0.55651	0.02233	0.52465	0.01332	0.09396	0.04849	1.69	0.42597	2.52808	0.49353	0.04105	0.5	0.0	0.0	0.0
expression_tox21-ahr-p1_200	rt_21_ps_5_re_0_st_0_xs_20_al_0.5_ld_1e-04	7	200	72,23,8,4,2,2,2	460,219,95,63,34,35,39	941	236	1.87381	0.40374	2.94015	0.57295	0.02614	0.52754	0.01476	0.10596	0.05386	1.90238	0.42527	2.95422	0.53276	0.06184	0.51429	0.01389	0.05556	0.05263
expression_tox21-ahr-p1_300	rt_24_ps_5_re_0_st_0_xs_20_al_0.5_ld_1e-04	8	300	110,43,25,15,6,3,1,1	639,357,262,170,73,49,18,20	941	236	2.01503	0.36272	3.30461	0.67179	0.03012	0.62669	0.02862	0.39394	0.06761	2.1363	0.43171	3.40918	0.66404	0.06872	0.59687	0.05327	0.32	0.12798
expression_tox21-ahr-p1_400	rt_24_ps_5_re_0_st_0_xs_20_al_0.5_ld_1e-04	9	400	145,53,25,16,9,6,1,1,1	770,414,252,179,105,78,12,18,20	941	236	2.22091	0.36016	3.7215	0.68802	0.03182	0.56729	0.02124	0.23952	0.06402	2.33164	0.41903	3.82522	0.60014	0.07438	0.53042	0.0393	0.13953	0.11538
expression_tox21-ahr-p1_500	rt_34_ps_5_re_0_st_0_xs_20_al_0.5_ld_1e-04	12	500	272,103,47,28,13,9,2,2,2,1,1,1	1407,782,469,303,136,113,19,27,34,17,18,20	941	236	2.8235	0.33964	4.96771	0.73625	0.03016	0.62981	0.02809	0.40415	0.06678	2.9497	0.40927	5.08085	0.56752	0.081	0.59687	0.05634	0.32	0.12784
expression_tox21-ar-mda-kb2-luc-antagonist-p2_100	rt_34_ps_5_re_0_st_0_xs_20_al_0.5_ld_1e-04	8	100	114,48,29,19,8,3,1,1	608,388,312,227,104,50,17,20	786	197	2.43003	0.4369	3.98626	0.70435	0.03131	0.60568	0.02381	0.35238	0.06243	2.73096	0.6006	4.26072	0.57481	0.07157	0.48913	0.02929	0.07407	0.06452
expression_tox21-ar-mda-kb2-luc-antagonist-p2_200	rt_26_ps_5_re_0_st_0_xs_20_al_0.5_ld_1e-04	7	200	155,68,32,19,5,3,1	746,487,319,217,63,52,20	786	197	2.18231	0.42989	3.50484	0.70528	0.02894	0.63319	0.0264	0.4206	0.06111	2.44692	0.61262	3.66859	0.57747	0.0791	0.52572	0.04106	0.17544	0.10389
expression_tox21-ar-mda-kb2-luc-antagonist-p2_300	rt_22_ps_5_re_0_st_0_xs_20_al_0.5_ld_1e-04	7	300	145,53,18,9,3,2,1	736,389,183,103,48,39,19	786	197	2.15023	0.42044	3.45958	0.7358	0.03219	0.64876	0.02867	0.45344	0.05923	2.42582	0.58744	3.67676	0.67519	0.06982	0.52572	0.04437	0.17544	0.10764
expression_tox21-ar-mda-kb2-luc-antagonist-p2_400	rt_33_ps_5_re_0_st_0_xs_20_al_0.5_ld_1e-04	11	400	282,103,42,21,7,4,2,1,1,1,1	1406,759,410,228,84,60,28,14,17,18,20	786	197	3.14085	0.40017	5.48136	0.75488	0.03302	0.6714	0.02867	0.49805	0.05673	3.6836	0.69927	5.96865	0.58365	0.08736	0.54049	0.04868	0.22581	0.10811
expression_tox21-ar-mda-kb2-luc-antagonist-p2_500	rt_22_ps_5_re_0_st_0_xs_20_al_0.5_ld_1e-04	7	500	173,57,19,9,3,2,1	851,414,192,103,48,39,19	786	197	2.12123	0.4091	3.42427	0.76205	0.03195	0.67201	0.02941	0.49808	0.05698	2.45246	0.5908	3.72332	0.6594	0.07716	0.55269	0.05157	0.25397	0.11285
expression_tox21-are-bla-p1_100	rt_31_ps_5_re_0_st_0_xs_20_al_0.5_ld_1e-04	10	100	68,31,17,8,9,9,5,1,1,1	394,280,187,107,107,115,58,12,18,20	788	197	3.08442	0.47396	5.22091	0.65953	0.03134	0.57593	0.02138	0.2765	0.05797	3.18977	0.54433	5.29087	0.55333	0.0701	0.53565	0.03407	0.15686	0.09962
expression_tox21-are-bla-p1_200	rt_41_ps_5_re_0_st_0_xs_20_al_0.5_ld_1e-04	10	200	183,83,42,19,14,10,6,1,1,1	1093,691,439,235,166,128,78,11,17,20	788	197	3.0581	0.46578	5.18463	0.68086	0.03096	0.58246	0.02213	0.29358	0.05928	3.19114	0.52345	5.33537	0.61133	0.07595	0.55028	0.03821	0.19608	0.11818
expression_tox21-are-bla-p1_300	rt_41_ps_5_re_0_st_0_xs_20_al_0.5_ld_1e-04	11	300	228,99,47,22,15,11,7,2,2,2,1	1332,806,477,252,168,136,86,25,34,38,20	788	197	3.34445	0.47226	5.74437	0.66971	0.03358	0.56041	0.01985	0.22967	0.05824	3.3909	0.49294	5.79592	0.66644	0.0751	0.54219	0.03222	0.16327	0.10102
expression_tox21-are-bla-p1_400	rt_41_ps_5_re_0_st_0_xs_20_al_0.5_ld_1e-04	11	400	268,108,50,22,15,11,7,2,2,2,1	1528,877,506,252,168,136,86,25,34,38,20	788	197	3.33819	0.46817	5.74004	0.68723	0.03228	0.56286	0.02019	0.23301	0.06071	3.43313	0.51186	5.84254	0.61854	0.08299	0.53409	0.03	0.12766	0.10714
expression_tox21-are-bla-p1_500	rt_31_ps_5_re_0_st_0_xs_20_al_0.5_ld_1e-04	10	500	198,66,28,10,10,9,6,1,1,1	1147,553,302,127,118,114,77,12,18,20	788	197	3.05596	0.46695	5.17803	0.68102	0.03394	0.57021	0.021	0.25243	0.06172	3.25271	0.54742	5.41058	0.54976	0.08141	0.50156	0.01576	0.04167	0.03846
expression_tox21-aromatase-p1_100	rt_31_ps_5_re_0_st_0_xs_20_al_0.5_ld_1e-04	8	100	89,44,18,10,3,3,1,1	613,389,199,142,48,55,17,20	896	224	2.14477	0.38517	3.5192	0.66596	0.03337	0.62046	0.02684	0.38579	0.06652	2.26198	0.45219	3.61958	0.58425	0.07133	0.57357	0.04413	0.26087	0.12298
expression_tox21-aromatase-p1_200	rt_21_ps_5_re_0_st_0_xs_20_al_0.5_ld_1e-04	10	200	76,30,13,4,8,8,6,1,1,1	571,283,145,53,91,94,77,12,18,20	896	224	2.55188	0.37091	4.36194	0.65345	0.03575	0.62708	0.02649	0.40201	0.06522	2.75227	0.47482	4.55491	0.59012	0.07482	0.57088	0.04471	0.25532	0.125
expression_tox21-aromatase-p1_300	rt_21_ps_5_re_0_st_0_xs_20_al_0.5_ld_1e-04	10	300	93,34,13,4,8,8,6,1,1,1	672,316,145,53,91,94,77,12,18,20	896	224	2.5581	0.37653	4.36313	0.68209	0.03531	0.63966	0.02757	0.43137	0.06445	2.76592	0.47725	4.57735	0.51669	0.07669	0.56819	0.04578	0.25	0.1342
expression_tox21-aromatase-p1_400	rt_33_ps_5_re_0_st_0_xs_20_al_0.5_ld_1e-04	7	400	242,96,38,19,6,4,2	1230,721,374,226,85,70,38	896	224	1.90868	0.37518	3.06699	0.69994	0.0357	0.60395	0.0254	0.34409	0.06875	2.01163	0.43359	3.15608	0.61708	0.07827	0.55772	0.04059	0.21739	0.11962
expression_tox21-aromatase-p1_500	rt_23_ps_5_re_0_st_0_xs_20_al_0.5_ld_1e-04	7	500	158,61,27,11,4,3,2	895,496,270,139,57,51,38	896	224	1.89563	0.37662	3.03801	0.68268	0.03537	0.62113	0.02837	0.38776	0.07139	2.06803	0.47151	3.19304	0.54153	0.08001	0.55235	0.0423	0.20833	0.11813
expression_tox21-car-agonist-p1_100	rt_23_ps_5_re_0_st_0_xs_20_al_0.5_ld_1e-04	6	100	37,20,13,7,3,2	227,176,157,93,51,38	876	220	1.80864	0.43966	2.73797	0.55189	0.0248	0.5322	0.01518	0.1227	0.05346	1.83727	0.45936	2.7558	0.53058	0.04531	0.51041	0.0142	0.05	0.05
expression_tox21-car-agonist-p1_200	rt_24_ps_5_re_0_st_0_xs_20_al_0.5_ld_1e-04	9	200	96,43,20,12,9,6,1,1,1	608,376,220,131,105,78,12,18,20	876	220	2.50628	0.44306	4.12643	0.57375	0.03004	0.52563	0.0138	0.09938	0.04969	2.58987	0.47566	4.22842	0.49624	0.06005	0.49725	0.00234	0.0	0.0
expression_tox21-car-agonist-p1_300	rt_25_ps_5_re_0_st_0_xs_20_al_0.5_ld_1e-04	10	300	149,65,31,16,10,9,6,1,1,1	926,535,310,187,107,109,78,11,17,20	876	220	2.71178	0.43568	4.5522	0.58681	0.03043	0.53549	0.01537	0.13415	0.05374	2.83467	0.47517	4.719	0.53781	0.05755	0.50492	0.01711	0.04762	0.04545
expression_tox21-car-agonist-p1_400	rt_21_ps_5_re_0_st_0_xs_20_al_0.5_ld_1e-04	10	400	127,40,15,5,7,8,6,1,1,1	845,371,163,65,77,94,77,12,18,20	876	220	2.67396	0.41662	4.51468	0.62208	0.02924	0.55263	0.01887	0.19048	0.06204	2.9509	0.5118	4.8782	0.5261	0.05585	0.50217	0.01839	0.04651	0.04545
expression_tox21-car-agonist-p1_500	rt_23_ps_5_re_0_st_0_xs_20_al_0.5_ld_1e-04	11	500	194,72,28,15,5,3,2,1,1,1,1	1078,546,266,165,56,41,28,14,17,18,20	876	220	2.96557	0.44372	5.04369	0.6188	0.02983	0.52563	0.0143	0.09938	0.05208	3.00816	0.46563	5.08505	0.56044	0.0531	0.50492	0.01705	0.04762	0.04545
expression_tox21-mitotox-p1_100	rt_32_ps_5_re_0_st_0_xs_20_al_0.5_ld_1e-04	11	100	129,62,32,15,13,10,7,2,2,2,1	819,511,317,163,141,117,86,25,34,38,20	889	223	3.35796	0.47268	5.77056	0.63674	0.02877	0.60868	0.02143	0.36431	0.05401	3.74633	0.64966	6.19334	0.50292	0.0644	0.53514	0.03692	0.2	0.09286
expression_tox21-mitotox-p1_200	rt_13_ps_5_re_0_st_0_xs_20_al_0.5_ld_1e-04	5	200	39,26,10,3,1	197,205,117,44,20	889	223	1.78514	0.47952	2.61124	0.65262	0.02614	0.60818	0.02252	0.36496	0.05449	1.97114	0.59237	2.75755	0.60982	0.05483	0.56984	0.04333	0.28169	0.10476
expression_tox21-mitotox-p1_300	rt_32_ps_5_re_0_st_0_xs_20_al_0.5_ld_1e-04	12	300	229,88,39,15,13,11,7,2,2,2,1,1	1320,716,385,171,134,130,84,21,31,37,18,20	889	223	3.63042	0.47106	6.3187	0.68338	0.02954	0.60552	0.02223	0.35688	0.05541	3.92798	0.61452	6.62693	0.59323	0.06549	0.53014	0.04266	0.21053	0.09815
expression_tox21-mitotox-p1_400	rt_41_ps_5_re_0_st_0_xs_20_al_0.5_ld_1e-04	12	400	329,128,52,20,14,12,7,2,2,2,1,1	1760,986,517,232,150,149,84,21,31,37,18,20	889	223	3.61938	0.46554	6.30767	0.7057	0.02869	0.60626	0.02251	0.35821	0.05546	3.90507	0.60139	6.60736	0.62331	0.0613	0.53014	0.04257	0.21053	0.10016
expression_tox21-mitotox-p1_500	rt_34_ps_5_re_0_st_0_xs_20_al_0.5_ld_1e-04	12	500	314,121,48,21,13,11,6,2,2,2,1,1	1614,901,474,240,133,131,66,21,31,37,18,20	889	223	3.62791	0.4664	6.32302	0.71561	0.02869	0.60772	0.02154	0.3609	0.055	3.93389	0.6247	6.61839	0.54032	0.0687	0.52052	0.03879	0.18667	0.08763
expression_tox21-pr-bla-antagonist-p1_100	rt_23_ps_5_re_0_st_0_xs_20_al_0.5_ld_1e-04	7	100	81,37,18,11,3,2,1	449,321,202,139,39,33,20	835	209	2.27404	0.47362	3.60084	0.64478	0.02967	0.57035	0.01963	0.25234	0.05759	2.36131	0.51732	3.68798	0.60916	0.06543	0.53901	0.03637	0.17857	0.10572
expression_tox21-pr-bla-antagonist-p1_200	rt_41_ps_5_re_0_st_0_xs_20_al_0.5_ld_1e-04	10	200	230,103,46,23,14,10,6,1,1,1	1272,806,452,278,167,128,78,11,17,20	835	209	2.99205	0.44122	5.10166	0.71042	0.03226	0.61444	0.02411	0.37657	0.06002	3.10389	0.50618	5.19543	0.64924	0.07467	0.58416	0.04857	0.3125	0.11555
expression_tox21-pr-bla-antagonist-p1_300	rt_34_ps_5_re_0_st_0_xs_20_al_0.5_ld_1e-04	10	300	254,101,49,23,13,10,6,1,1,1	1321,757,473,263,148,128,78,11,17,20	835	209	2.98499	0.4328	5.10437	0.70472	0.0339	0.64479	0.02468	0.44788	0.05368	3.07819	0.47149	5.2134	0.66584	0.07412	0.66191	0.05963	0.48	0.1123
expression_tox21-pr-bla-antagonist-p1_400	rt_41_ps_5_re_0_st_0_xs_20_al_0.5_ld_1e-04	10	400	353,123,56,25,15,11,7,1,1,1	1881,929,539,292,178,146,96,11,17,20	835	209	2.99916	0.44256	5.1132	0.71133	0.03261	0.62876	0.02429	0.41245	0.0555	3.08733	0.48827	5.19812	0.65537	0.07591	0.59196	0.05202	0.33333	0.11695
expression_tox21-pr-bla-antagonist-p1_500	rt_24_ps_5_re_0_st_0_xs_20_al_0.5_ld_1e-04	10	500	165,60,25,11,9,8,5,1,1,1	905,452,255,129,102,96,58,12,18,20	835	209	3.0009	0.4461	5.10961	0.71034	0.03098	0.61367	0.02371	0.375	0.0583	3.10632	0.49266	5.22733	0.65164	0.07548	0.57635	0.04717	0.29032	0.11892
expression_tox21-pxr-p1_100	rt_26_ps_5_re_0_st_0_xs_20_al_0.5_ld_1e-04	7	100	71,40,26,10,3,2,1	387,317,263,119,39,34,20	857	215	2.8097	0.60137	4.41667	0.5865	0.02451	0.57877	0.01807	0.30685	0.04654	2.82983	0.61731	4.42505	0.60266	0.05136	0.56235	0.0344	0.26667	0.09211
expression_tox21-pxr-p1_200	rt_34_ps_5_re_0_st_0_xs_20_al_0.5_ld_1e-04	11	200	195,85,46,20,13,10,6,2,2,2,1	1098,669,462,226,140,118,68,25,34,38,20	857	215	4.03363	0.57818	6.9109	0.62958	0.0287	0.57806	0.01716	0.2807	0.04878	4.13838	0.64333	6.99011	0.58707	0.06036	0.53463	0.02778	0.16867	0.08069
expression_tox21-pxr-p1_300	rt_41_ps_5_re_0_st_0_xs_20_al_0.5_ld_1e-04	11	300	286,111,53,23,14,11,7,2,2,2,1	1608,885,520,266,157,136,86,25,34,38,20	857	215	3.99665	0.56247	6.86836	0.65368	0.02652	0.60743	0.01953	0.37895	0.04771	4.20497	0.67667	7.05661	0.60975	0.05589	0.58319	0.03865	0.32258	0.09369
expression_tox21-pxr-p1_400	rt_41_ps_5_re_0_st_0_xs_20_al_0.5_ld_1e-04	11	400	329,122,55,25,14,11,7,2,2,2,1	1782,936,532,283,157,136,86,25,34,38,20	857	215	3.99395	0.54881	6.89029	0.69668	0.02899	0.63921	0.02234	0.4764	0.04216	4.14825	0.63111	7.03429	0.67104	0.05781	0.63855	0.0444	0.47788	0.08135
expression_tox21-pxr-p1_500	rt_41_ps_5_re_0_st_0_xs_20_al_0.5_ld_1e-04	12	500	360,126,55,24,14,12,7,2,2,2,1,1	1914,961,532,276,150,149,84,21,31,37,18,20	857	215	4.31436	0.55379	7.52112	0.69447	0.0295	0.65649	0.02374	0.51392	0.04184	4.46902	0.62885	7.68032	0.62155	0.06056	0.63146	0.04663	0.47934	0.08142
expression_tox21-rt-viability-hek293-p1_100	rt_34_ps_5_re_0_st_0_xs_20_al_0.5_ld_1e-04	8	100	98,51,34,21,7,4,1,1	636,447,380,258,91,67,17,20	989	248	3.02614	0.559	4.93428	0.62938	0.02284	0.58886	0.01714	0.31714	0.04632	3.21835	0.67916	5.0784	0.60733	0.04843	0.51429	0.02864	0.16	0.0798
expression_tox21-rt-viability-hek293-p1_200	rt_34_ps_5_re_0_st_0_xs_20_al_0.5_ld_1e-04	9	200	167,73,38,25,11,8,2,1,1	971,601,406,287,127,110,31,17,20	989	248	3.36042	0.57779	5.56526	0.63476	0.02581	0.57708	0.01635	0.28571	0.04434	3.45316	0.61941	5.66749	0.65599	0.05034	0.51964	0.02517	0.13043	0.07582
expression_tox21-rt-viability-hek293-p1_300	rt_25_ps_5_re_0_st_0_xs_20_al_0.5_ld_1e-04	9	300	155,58,29,20,10,7,2,1,1	931,500,309,229,111,91,31,17,20	989	248	3.32643	0.56113	5.53061	0.63202	0.02763	0.59877	0.01858	0.35437	0.04644	3.48589	0.63815	5.69547	0.58776	0.05317	0.53274	0.02987	0.2	0.07976
expression_tox21-rt-viability-hek293-p1_400	rt_31_ps_5_re_0_st_0_xs_20_al_0.5_ld_1e-04	9	400	211,73,29,17,10,7,1,1,1	1193,592,307,196,123,97,12,18,20	989	248	3.32255	0.56189	5.52131	0.67799	0.02691	0.61472	0.01936	0.3972	0.04641	3.51774	0.65165	5.73217	0.57589	0.06097	0.53036	0.03495	0.2243	0.08149
expression_tox21-rt-viability-hek293-p1_500	rt_34_ps_5_re_0_st_0_xs_20_al_0.5_ld_1e-04	9	500	297,112,48,29,12,8,2,1,1	1542,862,484,327,139,110,31,17,20	989	248	3.33953	0.57239	5.53427	0.67488	0.02769	0.57735	0.01702	0.29442	0.0467	3.48189	0.6293	5.70517	0.64308	0.05316	0.52321	0.02817	0.16495	0.08061
expression_tox21-rt-viability-hepg2-p1_100	rt_31_ps_5_re_0_st_0_xs_20_al_0.5_ld_1e-04	10	100	104,50,23,9,10,9,6,1,1,1	645,420,250,105,120,114,77,12,18,20	989	248	3.06191	0.48828	5.14726	0.61689	0.03084	0.54778	0.01568	0.18257	0.05035	3.13331	0.51193	5.24276	0.54443	0.06748	0.50926	0.00862	0.03636	0.03333
expression_tox21-rt-viability-hepg2-p1_200	rt_31_ps_5_re_0_st_0_xs_20_al_0.5_ld_1e-04	10	200	154,63,27,11,10,9,6,1,1,1	895,506,285,129,120,114,77,12,18,20	989	248	3.03299	0.47522	5.11553	0.66638	0.03067	0.55993	0.01761	0.224	0.05245	3.14237	0.50788	5.269	0.52682	0.07595	0.54372	0.03008	0.16667	0.09643
expression_tox21-rt-viability-hepg2-p1_300	rt_33_ps_5_re_0_st_0_xs_20_al_0.5_ld_1e-04	7	300	211,86,40,21,7,4,2	1059,655,398,239,93,70,38	989	248	2.27301	0.47324	3.59953	0.66446	0.03072	0.56163	0.01838	0.23016	0.05493	2.36042	0.52913	3.66258	0.57851	0.06213	0.52157	0.02774	0.125	0.07674
expression_tox21-rt-viability-hepg2-p1_400	rt_22_ps_5_re_0_st_0_xs_20_al_0.5_ld_1e-04	7	400	159,52,19,8,3,2,1	799,381,197,91,48,39,19	989	248	2.2158	0.45149	3.52861	0.69528	0.03135	0.58317	0.02044	0.29434	0.05516	2.34096	0.51916	3.6436	0.6155	0.06499	0.53751	0.03354	0.1791	0.1038
expression_tox21-rt-viability-hepg2-p1_500	rt_33_ps_5_re_0_st_0_xs_20_al_0.5_ld_1e-04	12	500	308,102,44,21,8,5,2,1,1,1,1,1	1481,746,420,233,90,73,26,10,14,17,18,20	989	248	3.51839	0.45669	6.12342	0.70526	0.03111	0.5968	0.02204	0.33452	0.05561	3.65682	0.5267	6.26024	0.55389	0.07129	0.53751	0.03274	0.1791	0.08986
expression_tox21-shh-3t3-gli3-antagonist-p1_100	rt_33_ps_5_re_0_st_0_xs_20_al_0.5_ld_1e-04	7	100	99,53,31,14,5,2,1	573,442,318,172,73,33,20	764	191	2.3364	0.48197	3.70887	0.63384	0.02745	0.57784	0.02065	0.27184	0.06057	2.47079	0.57227	3.79704	0.5286	0.05862	0.49776	0.01784	0.04082	0.03846
expression_tox21-shh-3t3-gli3-antagonist-p1_200	rt_22_ps_5_re_0_st_0_xs_20_al_0.5_ld_1e-04	6	200	75,35,12,5,2,1	459,323,143,73,39,19	764	191	2.04592	0.47924	3.13335	0.63609	0.02819	0.58666	0.0214	0.30047	0.05929	2.18134	0.56108	3.24051	0.49652	0.065	0.51252	0.02521	0.08163	0.07143
expression_tox21-shh-3t3-gli3-antagonist-p1_300	rt_22_ps_5_re_0_st_0_xs_20_al_0.5_ld_1e-04	6	300	96,42,13,6,2,1	549,373,151,86,39,19	764	191	2.04778	0.47892	3.13772	0.65276	0.02925	0.58467	0.02098	0.29384	0.06064	2.18182	0.55362	3.25639	0.51685	0.05681	0.50912	0.02531	0.08	0.07143
expression_tox21-shh-3t3-gli3-antagonist-p1_400	rt_33_ps_5_re_0_st_0_xs_20_al_0.5_ld_1e-04	12	400	225,91,41,16,7,5,2,1,1,1,1,1	1208,722,405,178,77,73,26,10,14,17,18,20	764	191	3.6732	0.48378	6.37886	0.65379	0.03125	0.57216	0.01959	0.2549	0.05854	3.80046	0.55642	6.4881	0.52219	0.05571	0.52049	0.03027	0.11765	0.09677
expression_tox21-shh-3t3-gli3-antagonist-p1_500	rt_32_ps_5_re_0_st_0_xs_20_al_0.5_ld_1e-04	12	500	229,81,40,15,11,11,7,2,2,2,1,1	1404,670,401,172,108,130,84,21,31,37,18,20	764	191	3.57689	0.43937	6.27505	0.69449	0.03159	0.63012	0.02452	0.4141	0.06054	3.91744	0.61139	6.6121	0.56378	0.06547	0.53185	0.03345	0.15385	0.09264
